source,author,title,description,content,publishedAt,url
BBC News,,Water firm bans tankers from transporting water for billionaire's lake,Tankers taking water for US billionaire Stephen Schwarzman have been told to stop by Southern Water.,"Jonah FisherEnvironment correspondent, Hampshire and
Tom InghamClimate and Science Producer
Water from drought-hit Hampshire has been used to help fill this lake in Wiltshire
Southern Water has wa… [+4380 chars]",2025-09-11T23:24:43Z,https://www.bbc.com/news/articles/cq5jg9vy1n0o
The Verge,Mia Sato,Reddit is testing a way to read articles without leaving the app,"As AI tools gobble up news publishers’ traffic on traditional referral platforms like Google, Reddit is offering publishers another way to share their content — within its app.  On September 10th, Reddit announced a slew of new features available to some publ…","<ul><li></li><li></li><li></li></ul>
A suite of new tools is geared toward news publishers and readers.
A suite of new tools is geared toward news publishers and readers.
by
Mia SatoClose
Mia Sa… [+2922 chars]",2025-09-10T16:52:26Z,https://www.theverge.com/news/775722/reddit-news-publishers-beta-articles-analytics
Gizmodo.com,AJ Dellinger,Rolling Stone Publisher Sues Google Over AI Overview Summaries,How about you summarize this lawsuit.,"Google has insisted that its AI-generated search result overviews and summaries have not actually hurt traffic for publishers. The publishers disagree, and at least one is willing to go to court to p… [+3287 chars]",2025-09-14T19:45:05Z,https://gizmodo.com/rolling-stone-publisher-sues-google-over-ai-overview-summaries-2000658662
Autoblog,Cody Carlson,2026 Toyota Corolla vs. 2026 Honda Civic: Which One Is Right For You?,The Honda Civic and Toyota Corolla are two of the market’s most consistently high-selling compact sedans. This sales success primarily stems from both...,"The Honda Civic and Toyota Corolla square off for another round
The Honda Civic and Toyota Corolla are two of the markets most consistently high-selling compact sedans. This sales success primarily … [+5117 chars]",2025-09-13T20:10:00Z,https://www.autoblog.com/carbuying/2026-toyota-corolla-vs-2026-honda-civic
News-Press Now,"St. Joseph News-Press, Mo.",Utility work to close section of Frederick Avenue,"ST. JOSEPH, Mo. (News-Press NOW) — Scheduled work on a water line replacement project this week will close a part of Frederick Avenue. Crews with Missouri...","ST. JOSEPH, Mo. (News-Press NOW) Scheduled work on a water line replacement project this week will close a part of Frederick Avenue.
Crews with Missouri American Water have been replacing a water li… [+922 chars]",2025-09-16T00:36:00Z,https://www.newspressnow.com/public-safety/roadwork/2025/09/15/utility-work-to-close-section-of-frederick-avenue/
Business Insider,"Robert Leslie,Hannah Beckler,Dakin Campbell,Erica Berenstein,Reem Makhoul,Tyler Merkel",Inside the secretive world of America's AI data centers,Exclusive reporting by Business Insider reveals the true scale of America's data center explosion for the first time.,"The explosion of AI across every industry has seen hundreds of water- and power-hungry server farms sprout up across the US.Already, one-third of the world's internet traffic flows through data cente… [+1170 chars]",2025-09-12T13:14:29Z,https://www.businessinsider.com/inside-the-secretive-world-of-americas-ai-data-centers-2025-9
Wired,Will Knight,USA Today Enters Its Gen AI Era With a Chatbot,"DeeperDive, a new tool that converses with readers, is an effort to beat the AI industry at its own game.","The publishing company behind USA Today and 220 other publications is today rolling out a chatbot-like tool called DeeperDive that can converse with readers, summarize insights from its journalism, a… [+2852 chars]",2025-09-15T16:01:46Z,https://www.wired.com/story/usa-today-enters-its-gen-ai-era-with-a-chatbot/
The Verge,Elissa Welle,"Google thinks it can have AI summaries and a healthy web, too","One of Google’s top executives defended its use of AI summaries in search results during an AI summit in New York on Monday.  When asked about a new lawsuit by Rolling Stone’s parent company, Penske Media Corporation, over Google’s AI Overviews, the company’s…","<ul><li></li><li></li><li></li></ul>
When asked about a new lawsuit over AI Overviews, Google said users increasingly want the AI summaries.
When asked about a new lawsuit over AI Overviews, Google… [+2819 chars]",2025-09-15T18:05:39Z,https://www.theverge.com/news/778306/google-ai-summaries-penske-lawsuit
Wired,Parker Hall,How to Clean AirPods (and Other Earbuds),Got gunky earbuds or over-ears? Here is how to clean them without ruining them.,"Everyone has dirty ears; the human ear is designed to produce earwax to protect itself from other junk getting in there, among other things. That means that the more you put your precious new AirPods… [+2016 chars]",2025-09-16T13:36:00Z,https://www.wired.com/story/how-to-clean-earbuds-and-airpods/
NPR,Sacha Pfeiffer,Water failure at Guantánamo Bay affects U.S. migrant operations there,"Migrants sent by the U.S. to Guantánamo Bay, Cuba, were moved to another part of the naval base there because of a water failure, raising doubts about housing large numbers of deportees.","Several migrants sent by the United States to Guantánamo Bay, Cuba, had to be relocated to another part of the U.S. naval base there because of a water supply failure, raising more questions about wh… [+4232 chars]",2025-09-12T20:56:05Z,https://www.npr.org/2025/09/12/nx-s1-5539821/guantanamo-migrants-water-deportations-ice
The New Yorker,Beth Lew-Williams,The Ritual of Civic Apology,"More than a century after driving out their Chinese residents, cities across the West are saying sorry, with parks, plaques, and proclamations, Beth Lew-Williams writes. But it’s seldom clear who they’re talking to—or what they’re remembering.",Journalists didnt question Antiochs recounting of its history. I did. The 1876 expulsion and fire are part of the historical record. The tunnels are not. Nor is there any evidence of a sundown ordina… [+5183 chars],2025-09-13T10:00:00Z,https://www.newyorker.com/news/the-weekend-essay/the-ritual-of-civic-apology
Gizmodo.com,Justin Carter,Charlie Kaufman Holds Hollywood Responsible for Today’s ‘Terrible’ World,The writer of 'Eternal Sunshine of the Spotless Mind' and 'Being John Malkovich' thinks we need to learn to be human again.,"Filmmaker Charlie Kaufman’s got a lot to say about the state of the worldand why he thinks Hollywood is at least partially to blame for it.
In a new interview with The Guardian, the mind behind 2004… [+2233 chars]",2025-09-13T14:30:18Z,https://gizmodo.com/charlie-kaufman-holds-hollywood-responsible-for-todays-terrible-world-2000658116
KOIN.com,Andrew Foran,"Truck rolls through center median, snarls traffic on I-205","Interstate 205 is partially blocked Tuesday morning after a crash left a semi truck on its side, authorities said.","PORTLAND, Ore. (KOIN) Interstate 205 is partially blocked Tuesday morning after a crash left a semi truck on its side, authorities said.
Portland Fire &amp; Rescue said crews responded to the crash … [+703 chars]",2025-09-16T12:24:40Z,https://www.koin.com/news/traffic/truck-rolls-through-center-median-snarls-traffic-on-i-205/
Gizmodo.com,AJ Dellinger,Nepal Currently Being Run Via Discord After Gen Z Uprising,They went from banning social media to being run by it.,"The next time someone tells you the youth aren’t engaged enough in politics, just point them to Nepal. According to multiple reports, the youth of the South Asian nation managed to oust the existing … [+2410 chars]",2025-09-12T17:40:25Z,https://gizmodo.com/nepal-currently-being-run-via-discord-after-gen-z-uprising-2000658243
Search Engine Journal,Matt G. Southern,"Google Expands YMYL Guidelines To Cover Election & Civic Content via @sejournal, @MattGSouthern","Google updated its quality rater guidelines to treat election and voting info as YMYL. See what changed and how to align civic content.
The post Google Expands YMYL Guidelines To Cover Election & Civic Content appeared first on Search Engine Journal.","Google published a new edition of its Search Quality Evaluator Guidelines.
The update clarifies that the Your Money Your Life (YMYL) category now covers election and voting information, along with o… [+2451 chars]",2025-09-11T21:31:45Z,https://www.searchenginejournal.com/google-expands-ymyl-guidelines-to-cover-election-civic-content/555787/
Gizmodo.com,Bruce Gil,"After Anthropic’s Billion-Dollar Settlement, Dictionaries Are Suing Perplexity AI",Encyclopedia Britannica and Merriam-Webster accuse the AI startup of copying their content and attributing hallucinated answers to their brands.,"Anthropics recent $1.5 billion settlement could open the floodgates for more publishers to sue AI companies over how they use copyrighted content.
Just this week, the Britannica Group, the parent of… [+2880 chars]",2025-09-12T16:20:24Z,https://gizmodo.com/after-anthropics-billion-dollar-settlement-dictionaries-are-suing-perplexity-ai-2000658234
Yahoo Entertainment,,"India raids Jindal Saw, Maharashtra Seamless in antitrust case, sources say",,"If you click 'Accept all', we and our partners, including 238 who are part of the IAB Transparency &amp; Consent Framework, will also store and/or access information on a device (in other words, use … [+714 chars]",2025-09-16T06:29:20Z,https://consent.yahoo.com/v2/collectConsent?sessionId=1_cc-session_607fc8e1-6cc1-421f-908e-b2ab4ab299d6
Yahoo Entertainment,Jana Winter and Raphael Satter,Exclusive-US warns hidden radios may be embedded in solar-powered highway infrastructure,"U.S. officials say solar-powered highway infrastructure including chargers, roadside weather stations, and traffic cameras should be scanned for the presence...","By Jana Winter and Raphael Satter
WASHINGTON (Reuters) - U.S. officials say solar-powered highway infrastructure including chargers, roadside weather stations, and traffic cameras should be scanned … [+3898 chars]",2025-09-10T10:04:10Z,https://www.yahoo.com/news/articles/exclusive-us-warns-hidden-radios-100410211.html
KTLA Los Angeles,Iman Palm,Ocean water warnings issued for multiple L.A. County beaches,"Residents and tourists alike are urged to avoid swimming, surfing, and playing in ocean waters at five L.A. County beaches, health officials announced Monday...","Residents and tourists alike are urged to avoid swimming, surfing, and playing in ocean waters at five L.A. County beaches, health officials announced Monday.
The warnings were issued because bacter… [+1379 chars]",2025-09-15T20:58:42Z,https://ktla.com/news/local-news/ocean-water-warnings-issued-for-multiple-l-a-county-beaches/
BBC News,,Fire breaks out at Battersea block of flats,The four-storey block on Maysoule Road is evacuated as flames rip through roof and top floor.,"About 80 firefighters are tackling a fire at a block of flats in Battersea, south-west London.
The entire top floor and roof of the four-storey residential building on Maysoule Road is alight, Londo… [+344 chars]",2025-09-10T20:04:49Z,https://www.bbc.com/news/articles/cpvlmk9pw40o
The Jerusalem Post,KESHET NEEV,"Hadera orders removal of fallen soldier posters, images show them torn, dumped on ground",The municipality said that it was “appalled to see the manner in which the removal of the signs was carried out. ” The Hadera municipality issued...,"The removed posters of the fallen soldiers crumpled up and thrown on the ground near a garbage bin. (photo credit: SCREENSHOT/X/VIA SECTION 27A OF THE COPYRIGHT ACT)
The municipality said that it wa… [+877 chars]",2025-09-15T12:28:02Z,https://www.jpost.com/israel-news/article-867508
The Hill,"Juan Williams, opinion contributor",Opinion - Lefty lunatics? Trump can’t pretend he doesn’t traffic in violent rhetoric,Trump is more than a witness to the sharp rise of primitive violence in 21st-century American politics. He fueled the polarization and anger.,There is an old saying that politics is the opposite of violence. But warnings keep coming about President Trumps political motives in sending armed troops into American cities. And more alarms are s… [+5696 chars],2025-09-15T13:30:00Z,https://thehill.com/opinion/columnists/juan-williams/5501792-dont-let-trump-pretend-he-doesnt-traffic-in-violent-rhetoric/
BBC News,Chris Fawkes,UK could see first named storm of season as yellow warning issued for rain and wind,Heavy rain and strong winds will affect the UK on Sunday and Monday bringing a risk of some disruption.,"Sunday will start bright but heavy outbreaks of rain will spread to all areas, becoming increasingly windy with gales developing in the south and west of the UK. 
Winds will gust to 50-60mph around … [+503 chars]",2025-09-11T15:18:56Z,https://www.bbc.com/weather/articles/cpd9x525653o
News-Press,"Tayeba Hussein, Fort Myers News-Press","'It's too late': Pilots' final words captured before fatal 2024 highway crash in Naples, FL",A transcript reveals the final moments of two pilots who prioritized the safety of others. They strategized an emergency landing on the highway.,"In a terrifying race against time, two pilots had no choice but to perform an emergency crash landing on Interstate 75, resulting in their plane bursting into flames.
A newly released transcript, pu… [+3455 chars]",2025-09-10T09:03:11Z,https://www.news-press.com/story/news/local/2025/09/10/naples-fl-plane-crash-transcript-reveals-pilots-last-moments-i-75-ntsb-february-2024-sw-fl/86041100007/
Gizmodo.com,"Yilun Cheng, Houston Chronicle, ProPublica","Elon Musk’s Comments on Houston Flood Tunnels Are Misleading, Experts Say",Musk said his proposal to address Houston’s chronic flooding woes would work. Experts say his plan has key technical and logistical challenges.,ProPublica is a Pulitzer Prize-winning investigative newsroom. Sign up for The Big Story newsletter to receive stories like this one in your inbox.Billionaire Elon Musk is taking issue with a recent … [+10990 chars],2025-09-13T16:00:02Z,https://gizmodo.com/elon-musks-comments-on-houston-flood-tunnels-are-misleading-experts-say-2000658393
Myrtle Beach Sun News,Emalyn Muzzy,These are the busiest roads in the Myrtle Beach area. How much traffic do they get?,"Discover the busiest roads in the Myrtle Beach area, from controlled-access highways to roads connecting Myrtle Beach and Conway.","The Myrtle Beach is full of roads that get infamously busy.
Locals and tourists love to hate on U.S. 501 and what turns into miles of stop-and-go traffic during rush hour. But there are other busy s… [+3061 chars]",2025-09-15T10:00:00Z,https://www.myrtlebeachonline.com/news/local/traffic/article312035042.html
Slashdot.org,BeauHD,"As World Gets Hotter, Americans Are Turning To More Sugar, Study Finds","An anonymous reader quotes a report from NBC News: Global warming in the United States is amping up the country's sweet tooth, a new study found. When the temperature rises, Americans -- especially those with less money and education -- drink lots more sugary…","What jumped out at me was mention of people looking for ways to cover up or avoid the taste of water from the tap. I can relate.
I've tasted some pretty nasty tap water, so much chlorine or whatever… [+2091 chars]",2025-09-11T03:30:00Z,https://news.slashdot.org/story/25/09/10/2219242/as-world-gets-hotter-americans-are-turning-to-more-sugar-study-finds
Gizmodo.com,AJ Dellinger,Everyone Thinks Elon Musk is Going to Build a SpaceX Mobile Network,The company is buying up spectrum.,"SpaceX’s has been partnering with mobile carriers like T-Mobile to offer its satellite internet service Starlink to extend the reach of cell networks. But, according to a report from the Washington P… [+2521 chars]",2025-09-14T17:50:18Z,https://gizmodo.com/everyone-thinks-elon-musk-is-going-to-build-a-spacex-mobile-network-2000658656
Gizmodo.com,Lucas Ropek,Bluesky Launches Age Verification in Select States,"If you live in two particular states, you'll need to verify how old you are to stay on the site.","Bluesky, the funky, semi-decentralized Twitter spin-off, is rolling out age verification systems to comply with new regulations instituted in Europe and parts of the U.S. On Wednesday, the platform a… [+2121 chars]",2025-09-11T13:00:47Z,https://gizmodo.com/bluesky-launches-age-verification-in-select-states-2000657248
ABC News,ABC News,WATCH: Car goes flying over several lanes of traffic on Long Island highway,"A driver's dashcam captured the wild moment a vehicle went flying over several lanes of traffic on the Sunrise Highway, one of the busiest freeways on Long Island.","<ul><li>White House insists Trump did not write birthday message to Jeffrey Epstein
</li><li>Israelis strike in US-allied Qatar targeting Hamas amid talks to end war in Gaza
</li><li>Inside the ICE… [+4580 chars]",2025-09-10T00:04:57Z,https://abcnews.go.com/US/video/car-flying-lanes-traffic-long-island-highway-125417164
Business Insider,Talia Lakritz,"See inside Dwight D. Eisenhower's Air Force One, the only plane of its kind ever built","President Dwight D. Eisenhower's Air Force One plane, Columbine III, was named in honor of Mamie Eisenhower's home state of Colorado.","Columbine III at the National Museum of the US Air Force.US Air Force Photo by Ken LaRock
<ul><li>President Dwight Eisenhower flew on Columbine III, a Lockheed VC-121E, for most of his presidency.</… [+5221 chars]",2025-09-10T18:34:03Z,https://www.businessinsider.com/air-force-one-plane-eisenhower-super-connie-2025-9
ESPN,,Woman charged in deaths of Marquette athletes,"A Wisconsin driver involved in a traffic crash last week that killed two Marquette University lacrosse players was drunk at the time, authorities alleged Wednesday in charging her with vehicular homicide.","Sep 10, 2025, 01:40 PM ET
MADISON, Wis. -- A Wisconsin driver involved in a traffic crash last week that killed two Marquette University lacrosse players was drunk at the time, authorities alleged W… [+1945 chars]",2025-09-10T18:51:19Z,https://www.espn.com/espn/story/_/id/46216914/woman-faces-80-years-deaths-2-marquette-lacrosse-players
Yahoo Entertainment,,Billionaire’s Water Supply Cut Off After Wasting Millions Filling Private Lake,,"If you click 'Accept all', we and our partners, including 238 who are part of the IAB Transparency &amp; Consent Framework, will also store and/or access information on a device (in other words, use … [+714 chars]",2025-09-12T17:00:40Z,https://consent.yahoo.com/v2/collectConsent?sessionId=1_cc-session_be6d4d2b-c61d-42f4-b318-d85cf8fa1b5f
BBC News,,Defiant nuns flee care home for their abandoned convent in the Alps,"Sisters Bernadette, Regina and Rita needed a locksmith to get back into their convent, defying Church leaders.","Bethany BellAustria correspondent in Salzburg
Sister Rita (L), Sister Regina (C) and Sister Bernadette were sent to a care home against their will in 2023
Three Austrian nuns in their 80s have run … [+4166 chars]",2025-09-13T00:42:38Z,https://www.bbc.com/news/articles/c5y8r2gk0vyo
BBC News,,Struggling with brain fog? Here's how to fix it,It's common to become forgetful or mentally sluggish but there are easy ways to cut through the haze.,"When life gets busy and stress levels rise, it's not uncommon to find yourself walking into a room and forgetting why you went there, losing your train of thought mid-sentence or struggling to stay f… [+3845 chars]",2025-09-14T23:22:44Z,https://www.bbc.com/news/articles/c87ydw7xdxvo
Ikeahackers.net,Stacy Randall,IKEA’s Bold New Collection Tackles the Global Water Crisis Right At Home,"Why the IKEA BERGVATTNET Collection Matters for Your Home Imagine opening your pantry to find it overflowing, only to realize that almost everything inside is spoiled or off-limits. That’s the reality of our planet’s water supply: abundant at first glance, bu…","Why the IKEA BERGVATTNET Collection Matters for Your Home
Imagine opening your pantry to find it overflowing, only to realize that almost everything inside is spoiled or off-limits. 
Thats the real… [+6217 chars]",2025-09-12T11:00:00Z,https://ikeahackers.net/2025/09/ikea-bergvattnet-range.html
San Luis Obispo Tribune,Sadie Dittenber,Water outage prompts boil water notice for SLO County beach town,Residents in the affected area were advised to use only boiled tap water or bottled water for drinking or cooking purposes.,"A boil water notice was issued for residents of Cambria after a water outage occurred Friday.
The notice was affecting households in the area west of Highway 1 and south of Fiscalini Ranch Preserve,… [+1736 chars]",2025-09-12T19:34:11Z,https://www.sanluisobispo.com/news/local/article312084779.html
CNET,Imad Khan,Mullvad VPN Now Adds QUIC Protocol to Get Around Firewalls and Censorship,It's available now for desktop users and coming to mobile soon.,"Swedish virtual private network company Mullvad VPN is adding QUIC obfuscation for WireGuard to help users get around firewalls and censorship, the company said in a blog post earlier this month. 
W… [+1355 chars]",2025-09-15T20:20:14Z,https://www.cnet.com/tech/services-and-software/mullvad-vpn-now-adds-quic-protocol-to-get-around-firewalls-and-censorship/
The Indian Express,Express News Service,"Ajit Pawar faces Mundhwa-Keshavnagar residents’ fury over traffic issues, woman asks him to adopt ‘Manohar Parrikar’s style’",Ajit Pawar says the area is facing a jurisdictional dispute involving the Pune Municipal Corporation and the Pune Metropolitan Region Development Authority.,"Maharashtra Deputy Chief Minister Ajit Pawar, who visited the Hadapsar-Mundhwa area near Pune to inspect the development projects on Sunday, had to face residents fury over constant traffic congestio… [+1925 chars]",2025-09-14T11:44:28Z,https://indianexpress.com/article/cities/pune/ajit-pawar-mundhwa-keshavnagar-residents-fury-traffic-issues-10249553/
NorthJersey.com,"Amanda Wallace, NorthJersey.com","'Serious accident' closes Route 17 in Mahwah. Congestion, significant delays expected","A ""serious accident"" closed all lanes on Route 17 in Mahwah the morning of Sept. 10, leading to delays and heavy congestion on surrounding roads.","A portion of Route 17 in Mahwah was closed the morning of Sept. 10 due a ""serious accident,"" Mahwah Fire Rescue reported in a post on Facebook.
""Due to a serious accident involving several utility p… [+779 chars]",2025-09-10T14:42:50Z,https://www.northjersey.com/story/news/bergen/mahwah/2025/09/10/route-17-crash-mahwah-nj-lanes-closed-traffic-delays/86073975007/
Business Insider,Anneta Konstantinides,I tried Gordon Ramsay's quick and easy cacio e pepe. The delicious pasta only needs a few basic ingredients.,"Gordon Ramsay's quick and easy cacio e pepe pasta only needs six basic ingredients, including bucatini pasta, parmesan cheese, and lots of butter.","I made Gordon Ramsay's easy and delicious cacio e pepe pasta.Anneta Konstantinides/Business Insider
<ul><li>I made Gordon Ramsay's quick and easy cacio e pepe pasta.</li><li>The dish only needs six … [+6037 chars]",2025-09-10T10:05:01Z,https://www.businessinsider.com/gordon-ramsay-easy-cacio-e-pepe-pasta-recipe-2025-9
Hackaday,Fenix Guthrie,How Strong of a Redbull Can You Make?,Energy drinks are a staple of those who want to get awake and energetic in a hurry. But what if said energy is not in enough of a hurry for your taste? After coming across a thrice concentrated ene…,Energy drinks are a staple of those who want to get awake and energetic in a hurry. But what if said energy is not in enough of a hurry for your taste? After coming across a thrice concentrated energ… [+2051 chars],2025-09-12T08:00:17Z,https://hackaday.com/2025/09/12/how-strong-of-a-redbull-can-you-make/
The Verge,Andrew Liszewski,The SSD version of LaCie’s iconic Rugged drive gets a speed boost,"Neil Poulton succeeded in elevating the design of external drives two decades ago with the introduction of LaCie’s Rugged line, which features a bright orange bumper to protect data from drops. Today, Seagate announced an updated version of the LaCie Rugged M…","<ul><li></li><li></li><li></li></ul>
The new LaCie Rugged SSD4 can read data at up to 4,000MB/s and survive drops from nearly 10 feet.
The new LaCie Rugged SSD4 can read data at up to 4,000MB/s and… [+2460 chars]",2025-09-12T14:50:13Z,https://www.theverge.com/news/776676/seagate-lacie-rugged-ssd4-external-drive-apple-prores-4k
Business Insider,Giana Vasconcellos,We thought moving from California to Tennessee would save us money. The reality wasn't so simple — and we miss the West Coast.,"Our family left Southern California and moved to rural Tennessee to save money and be near family. Prices are still high, and it hasn't been worth it.","We left California looking for a simpler, more affordable life, but the grass isn't always greener.Louise Logan
<ul><li>We enjoyed Southern California, but we moved to Tennessee in hopes of saving m… [+5312 chars]",2025-09-12T14:21:01Z,https://www.businessinsider.com/left-california-moved-tennessee-to-save-money-not-worth-it-2025-9
The Indian Express,Express News Service,"Amid complaints over traffic jams and fuel loss, Dahisar toll plaza to be relocated near Versova bridge before Diwali","According to Maharashtra Transport Minister Pratap Sarnaik, the Dahisar toll plaza has turned into a bottleneck causing hours-long traffic issues and air pollution.","The Maharashtra government has decided to relocate the Dahisar toll plaza, which stands on the entrance of Mira-Bhayandar now, to a location near the nursery in front of the Versova bridge, around 2 … [+2072 chars]",2025-09-10T11:00:43Z,https://indianexpress.com/article/cities/mumbai/complaints-traffic-jams-dahisar-toll-plaza-relocated-versova-bridge-diwali-10241658/
AZCentral,"Hayleigh Evans, Arizona Republic",How serious is Arizona's drought? San Carlos Reservoir is nearly dry,"The huge San Carlos Reservoir is nearly dry, a sign of how Arizona's drought continues to worsen.","Water for the San Carlos Irrigation and Drainage District is expected to run out this month, a stark marker of how drought continues to grip Arizona. The dry-up could leave farmers in central Arizona… [+3376 chars]",2025-09-13T12:01:47Z,https://www.azcentral.com/story/news/local/arizona-environment/2025/09/13/san-carlos-arizona-reservoir-dry-arizona-drought-conditions/86116188007/
Wired,"Zeyi Yang, Louise Matsakis",How China’s Propaganda and Surveillance Systems Really Operate,A series of corporate leaks show that Chinese technology companies function far more like their Western peers than one might imagine.,A trove of internal documents leaked from a little-known Chinese company has pulled back the curtain on how digital censorship tools are being marketed and exported globally. Geedge Networks sells wh… [+4232 chars],2025-09-11T19:59:28Z,https://www.wired.com/story/made-in-china-how-chinas-surveillance-industry-actually-works/
Yahoo Entertainment,nickthomas2@benzinga.com,Hackers Just Found A Way To Hide Malware In Ethereum Smart Contracts — And Your Crypto Wallet Could Be Next,"Hackers are embedding malware commands in Ethereum smart contracts, disguising them as ordinary blockchain traffic and slipping past traditional security...","Benzinga and Yahoo Finance LLC may earn commission or revenue on some items through the links below.
Hackers are embedding malware commands in Ethereum smart contracts, disguising them as ordinary b… [+5065 chars]",2025-09-16T14:00:13Z,https://finance.yahoo.com/news/hackers-just-found-way-hide-140013390.html
News-Press,"Stacey Henson, Fort Myers News-Press",Bonita Springs fire battalion chief critically injured aiding in I-75 crash,Bonita Springs Fire Control and Rescue District says a battalion chief is in critical condition,"A fireman sustained critical injuries after a driver swerved to avoid a crash on Interstate 75.
According to Florida Highway Patrol the crash happened about 12:30 a.m. Sunday, Sept. 14, near Mile Ma… [+906 chars]",2025-09-14T15:34:47Z,https://www.news-press.com/story/news/local/2025/09/14/bonita-springs-firefighter-critical-after-i-75-crash/86150514007/
Yahoo Entertainment,Geri Mileva,Worsening crisis forces millions of people to pack up and leave their homes: 'It hurts',"""It’s a distressing sight.""","In Malawi, millions of residents are being displaced as worsening droughts linked to rising global temperatures force families to abandon their homes and farmland, according to The Guardian.
People … [+2962 chars]",2025-09-12T23:55:00Z,https://www.yahoo.com/news/articles/worsening-crisis-forces-millions-people-235500182.html
